query,cluster,intent,priority,target_url,page_type,status,notes
pc consult,Брендовые,navigational,H,/,brand,existing,
pc consult ru,Брендовые,navigational,H,/,brand,existing,
pc-consult,Брендовые,navigational,H,/,brand,existing,
pc-consult.ru,Брендовые,navigational,H,/,brand,existing,
ооо пк консалтинг,Брендовые,navigational,H,/,brand,existing,
пк консалтинг,Брендовые,navigational,H,/,brand,existing,
пк консалтинг спб,Брендовые,navigational,H,/,brand,existing,
пк контакты,Брендовые,navigational,H,/,brand,existing,
пк проекты,Брендовые,navigational,H,/,brand,existing,
пк санкт-петербург,Брендовые,navigational,H,/,brand,existing,
пк статьи,Брендовые,navigational,H,/,brand,existing,
пк стратегический консалтинг,Брендовые,navigational,H,/,brand,existing,
пк услуги,Брендовые,navigational,H,/,brand,existing,
пк финансовый консалтинг,Брендовые,navigational,H,/,brand,existing,
антикризисный консалтинг в санкт-петербурге,Гео-коммерция,transactional,M,/services,commercial,existing,
антикризисный консалтинг онлайн,Гео-коммерция,transactional,M,/services,commercial,existing,
антикризисный консалтинг по россии,Гео-коммерция,transactional,M,/services,commercial,existing,
антикризисный консалтинг санкт-петербург,Гео-коммерция,transactional,M,/services,commercial,existing,
антикризисный консалтинг спб,Гео-коммерция,transactional,M,/services,commercial,existing,
аудит бизнеса в санкт-петербурге,Гео-коммерция,transactional,M,/services,commercial,existing,
аудит бизнеса онлайн,Гео-коммерция,transactional,M,/services,commercial,existing,
аудит бизнеса по россии,Гео-коммерция,transactional,M,/services,commercial,existing,
аудит бизнеса санкт-петербург,Гео-коммерция,transactional,M,/services,commercial,existing,
аудит бизнеса спб,Гео-коммерция,transactional,M,/services,commercial,existing,
бизнес консалтинг в санкт-петербурге,Гео-коммерция,transactional,M,/services,commercial,existing,
бизнес консалтинг онлайн,Гео-коммерция,transactional,M,/services,commercial,existing,
бизнес консалтинг по россии,Гео-коммерция,transactional,M,/services,commercial,existing,
бизнес консалтинг санкт-петербург,Гео-коммерция,transactional,M,/services,commercial,existing,
бизнес консалтинг спб,Гео-коммерция,transactional,M,/services,commercial,existing,
долговая нагрузка бизнеса в санкт-петербурге,Гео-коммерция,transactional,M,/services/debt-restructuring,commercial,existing,
долговая нагрузка бизнеса онлайн,Гео-коммерция,transactional,M,/services/debt-restructuring,commercial,existing,
долговая нагрузка бизнеса по россии,Гео-коммерция,transactional,M,/services/debt-restructuring,commercial,existing,
долговая нагрузка бизнеса санкт-петербург,Гео-коммерция,transactional,M,/services/debt-restructuring,commercial,existing,
долговая нагрузка бизнеса спб,Гео-коммерция,transactional,M,/services/debt-restructuring,commercial,existing,
комплексное сопровождение бизнеса в санкт-петербурге,Гео-коммерция,transactional,M,/services/complex,commercial,existing,
комплексное сопровождение бизнеса онлайн,Гео-коммерция,transactional,M,/services/complex,commercial,existing,
комплексное сопровождение бизнеса по россии,Гео-коммерция,transactional,M,/services/complex,commercial,existing,
комплексное сопровождение бизнеса санкт-петербург,Гео-коммерция,transactional,M,/services/complex,commercial,existing,
комплексное сопровождение бизнеса спб,Гео-коммерция,transactional,M,/services/complex,commercial,existing,
консалтинг для бизнеса в санкт-петербурге,Гео-коммерция,transactional,M,/services,commercial,existing,
консалтинг для бизнеса онлайн,Гео-коммерция,transactional,M,/services,commercial,existing,
консалтинг для бизнеса по россии,Гео-коммерция,transactional,M,/services,commercial,existing,
консалтинг для бизнеса санкт-петербург,Гео-коммерция,transactional,M,/services,commercial,existing,
консалтинг для бизнеса спб,Гео-коммерция,transactional,M,/services,commercial,existing,
консалтинг для малого бизнеса в санкт-петербурге,Гео-коммерция,transactional,M,/services,commercial,existing,
консалтинг для малого бизнеса онлайн,Гео-коммерция,transactional,M,/services,commercial,existing,
консалтинг для малого бизнеса по россии,Гео-коммерция,transactional,M,/services,commercial,existing,
консалтинг для малого бизнеса санкт-петербург,Гео-коммерция,transactional,M,/services,commercial,existing,
консалтинг для малого бизнеса спб,Гео-коммерция,transactional,M,/services,commercial,existing,
консалтинг для среднего бизнеса в санкт-петербурге,Гео-коммерция,transactional,M,/services,commercial,existing,
консалтинг для среднего бизнеса онлайн,Гео-коммерция,transactional,M,/services,commercial,existing,
консалтинг для среднего бизнеса по россии,Гео-коммерция,transactional,M,/services,commercial,existing,
консалтинг для среднего бизнеса санкт-петербург,Гео-коммерция,transactional,M,/services,commercial,existing,
консалтинг для среднего бизнеса спб,Гео-коммерция,transactional,M,/services,commercial,existing,
операционная эффективность бизнеса в санкт-петербурге,Гео-коммерция,transactional,M,/services,commercial,existing,
операционная эффективность бизнеса онлайн,Гео-коммерция,transactional,M,/services,commercial,existing,
операционная эффективность бизнеса по россии,Гео-коммерция,transactional,M,/services,commercial,existing,
операционная эффективность бизнеса санкт-петербург,Гео-коммерция,transactional,M,/services,commercial,existing,
операционная эффективность бизнеса спб,Гео-коммерция,transactional,M,/services,commercial,existing,
оптимизация бизнес процессов в санкт-петербурге,Гео-коммерция,transactional,M,/services/cost-optimization,commercial,existing,
оптимизация бизнес процессов онлайн,Гео-коммерция,transactional,M,/services/cost-optimization,commercial,existing,
оптимизация бизнес процессов по россии,Гео-коммерция,transactional,M,/services/cost-optimization,commercial,existing,
оптимизация бизнес процессов санкт-петербург,Гео-коммерция,transactional,M,/services/cost-optimization,commercial,existing,
оптимизация бизнес процессов спб,Гео-коммерция,transactional,M,/services/cost-optimization,commercial,existing,
оптимизация издержек бизнеса в санкт-петербурге,Гео-коммерция,transactional,M,/services/cost-optimization,commercial,existing,
оптимизация издержек бизнеса онлайн,Гео-коммерция,transactional,M,/services/cost-optimization,commercial,existing,
оптимизация издержек бизнеса по россии,Гео-коммерция,transactional,M,/services/cost-optimization,commercial,existing,
оптимизация издержек бизнеса санкт-петербург,Гео-коммерция,transactional,M,/services/cost-optimization,commercial,existing,
оптимизация издержек бизнеса спб,Гео-коммерция,transactional,M,/services/cost-optimization,commercial,existing,
отмена судебного приказа в санкт-петербурге,Гео-коммерция,transactional,M,/services/court-order-cancel,commercial,existing,
отмена судебного приказа онлайн,Гео-коммерция,transactional,M,/services/court-order-cancel,commercial,existing,
отмена судебного приказа по россии,Гео-коммерция,transactional,M,/services/court-order-cancel,commercial,existing,
отмена судебного приказа санкт-петербург,Гео-коммерция,transactional,M,/services/court-order-cancel,commercial,existing,
отмена судебного приказа спб,Гео-коммерция,transactional,M,/services/court-order-cancel,commercial,existing,
отмена судебного приказа фл в санкт-петербурге,Гео-коммерция,transactional,M,/services/court-order-cancel,commercial,existing,
отмена судебного приказа фл онлайн,Гео-коммерция,transactional,M,/services/court-order-cancel,commercial,existing,
отмена судебного приказа фл по россии,Гео-коммерция,transactional,M,/services/court-order-cancel,commercial,existing,
отмена судебного приказа фл санкт-петербург,Гео-коммерция,transactional,M,/services/court-order-cancel,commercial,existing,
отмена судебного приказа фл спб,Гео-коммерция,transactional,M,/services/court-order-cancel,commercial,existing,
переговоры с кредиторами в санкт-петербурге,Гео-коммерция,transactional,M,/services/debt-restructuring,commercial,existing,
переговоры с кредиторами онлайн,Гео-коммерция,transactional,M,/services/debt-restructuring,commercial,existing,
переговоры с кредиторами по россии,Гео-коммерция,transactional,M,/services/debt-restructuring,commercial,existing,
переговоры с кредиторами санкт-петербург,Гео-коммерция,transactional,M,/services/debt-restructuring,commercial,existing,
переговоры с кредиторами спб,Гео-коммерция,transactional,M,/services/debt-restructuring,commercial,existing,
реструктуризация долгов бизнеса в санкт-петербурге,Гео-коммерция,transactional,M,/services/debt-restructuring,commercial,existing,
реструктуризация долгов бизнеса онлайн,Гео-коммерция,transactional,M,/services/debt-restructuring,commercial,existing,
реструктуризация долгов бизнеса по россии,Гео-коммерция,transactional,M,/services/debt-restructuring,commercial,existing,
реструктуризация долгов бизнеса санкт-петербург,Гео-коммерция,transactional,M,/services/debt-restructuring,commercial,existing,
реструктуризация долгов бизнеса спб,Гео-коммерция,transactional,M,/services/debt-restructuring,commercial,existing,
реструктуризация долгов в санкт-петербурге,Гео-коммерция,transactional,M,/services/debt-restructuring,commercial,existing,
реструктуризация долгов онлайн,Гео-коммерция,transactional,M,/services/debt-restructuring,commercial,existing,
реструктуризация долгов по россии,Гео-коммерция,transactional,M,/services/debt-restructuring,commercial,existing,
реструктуризация долгов санкт-петербург,Гео-коммерция,transactional,M,/services/debt-restructuring,commercial,existing,
реструктуризация долгов спб,Гео-коммерция,transactional,M,/services/debt-restructuring,commercial,existing,
сопровождение бизнеса в санкт-петербурге,Гео-коммерция,transactional,M,/services,commercial,existing,
сопровождение бизнеса онлайн,Гео-коммерция,transactional,M,/services,commercial,existing,
сопровождение бизнеса по россии,Гео-коммерция,transactional,M,/services,commercial,existing,
сопровождение бизнеса санкт-петербург,Гео-коммерция,transactional,M,/services,commercial,existing,
сопровождение бизнеса спб,Гео-коммерция,transactional,M,/services,commercial,existing,
стратегический консалтинг в санкт-петербурге,Гео-коммерция,transactional,M,/services,commercial,existing,
стратегический консалтинг онлайн,Гео-коммерция,transactional,M,/services,commercial,existing,
стратегический консалтинг по россии,Гео-коммерция,transactional,M,/services,commercial,existing,
стратегический консалтинг санкт-петербург,Гео-коммерция,transactional,M,/services,commercial,existing,
стратегический консалтинг спб,Гео-коммерция,transactional,M,/services,commercial,existing,
управленческий консалтинг в санкт-петербурге,Гео-коммерция,transactional,M,/services/financial-modeling,commercial,existing,
управленческий консалтинг онлайн,Гео-коммерция,transactional,M,/services/financial-modeling,commercial,existing,
управленческий консалтинг по россии,Гео-коммерция,transactional,M,/services/financial-modeling,commercial,existing,
управленческий консалтинг санкт-петербург,Гео-коммерция,transactional,M,/services/financial-modeling,commercial,existing,
управленческий консалтинг спб,Гео-коммерция,transactional,M,/services/financial-modeling,commercial,existing,
управленческий учет для малого бизнеса в санкт-петербурге,Гео-коммерция,transactional,M,/services/financial-modeling,commercial,existing,
управленческий учет для малого бизнеса онлайн,Гео-коммерция,transactional,M,/services/financial-modeling,commercial,existing,
управленческий учет для малого бизнеса по россии,Гео-коммерция,transactional,M,/services/financial-modeling,commercial,existing,
управленческий учет для малого бизнеса санкт-петербург,Гео-коммерция,transactional,M,/services/financial-modeling,commercial,existing,
управленческий учет для малого бизнеса спб,Гео-коммерция,transactional,M,/services/financial-modeling,commercial,existing,
финансовая модель бизнеса в санкт-петербурге,Гео-коммерция,transactional,M,/services/financial-modeling,commercial,existing,
финансовая модель бизнеса онлайн,Гео-коммерция,transactional,M,/services/financial-modeling,commercial,existing,
финансовая модель бизнеса по россии,Гео-коммерция,transactional,M,/services/financial-modeling,commercial,existing,
финансовая модель бизнеса санкт-петербург,Гео-коммерция,transactional,M,/services/financial-modeling,commercial,existing,
финансовая модель бизнеса спб,Гео-коммерция,transactional,M,/services/financial-modeling,commercial,existing,
финансовое планирование бизнеса в санкт-петербурге,Гео-коммерция,transactional,M,/services/financial-modeling,commercial,existing,
финансовое планирование бизнеса онлайн,Гео-коммерция,transactional,M,/services/financial-modeling,commercial,existing,
финансовое планирование бизнеса по россии,Гео-коммерция,transactional,M,/services/financial-modeling,commercial,existing,
финансовое планирование бизнеса санкт-петербург,Гео-коммерция,transactional,M,/services/financial-modeling,commercial,existing,
финансовое планирование бизнеса спб,Гео-коммерция,transactional,M,/services/financial-modeling,commercial,existing,
финансовый консалтинг в санкт-петербурге,Гео-коммерция,transactional,M,/services,commercial,existing,
финансовый консалтинг онлайн,Гео-коммерция,transactional,M,/services,commercial,existing,
финансовый консалтинг по россии,Гео-коммерция,transactional,M,/services,commercial,existing,
финансовый консалтинг санкт-петербург,Гео-коммерция,transactional,M,/services,commercial,existing,
финансовый консалтинг спб,Гео-коммерция,transactional,M,/services,commercial,existing,
экспресс консультация для бизнеса в санкт-петербурге,Гео-коммерция,transactional,M,/services,commercial,existing,
экспресс консультация для бизнеса онлайн,Гео-коммерция,transactional,M,/services,commercial,existing,
экспресс консультация для бизнеса по россии,Гео-коммерция,transactional,M,/services,commercial,existing,
экспресс консультация для бизнеса санкт-петербург,Гео-коммерция,transactional,M,/services,commercial,existing,
экспресс консультация для бизнеса спб,Гео-коммерция,transactional,M,/services,commercial,existing,
как 5 с‚сђрµрѕрґрѕрі рі сѓс‚сђр°с‚рµрірёс‡рµсѓрєрѕрј рєрѕрѕсѓр°рс‚рёрѕрірµ 2025,Информационное ядро (статьи),informational,L,/articles,informational,existing,вариант под how-to
как bootstrapping vs. р’рµрѕс‡сѓсђрѕс‹рµ рёрѕрірµсѓс‚рёс†рёрё: рєр°рєрѕр№ рїсѓс‚сњ с„рёрѕр°рѕсѓрёсђрѕрір°рѕрёсџ ріс‹р±сђр°с‚сњ,Информационное ядро (статьи),informational,L,/articles,informational,existing,вариант под how-to
как customer journey map: рєр°рє рѕр°сђрёсѓрѕрір°с‚сњ рїсѓс‚сњ рєррёрµрѕс‚р° рё рѕр°р№с‚рё с‚рѕс‡рєрё сђрѕсѓс‚р°,Информационное ядро (статьи),informational,L,/articles,informational,existing,вариант под how-to
как go-to-market сѓс‚сђр°с‚рµрірёсџ gtm: рїрѕс€р°рірѕріс‹р№ рїрр°рѕ ріс‹рірѕрґр° рѕрѕрірѕрірѕ рїсђрѕрґсѓрєс‚р° рѕр° сђс‹рѕрѕрє,Информационное ядро (статьи),informational,L,/articles,informational,existing,вариант под how-to
как kpi рґрсџ сѓрѕс‚сђсѓрґрѕрёрєрѕрі: рєр°рє сђр°р·сђр°р±рѕс‚р°с‚сњ рё рірѕрµрґсђрёс‚сњ,Информационное ядро (статьи),informational,L,/articles,informational,existing,вариант под how-to
как lean-рїрѕрґс…рѕрґ рґрсџ сѓс„рµсђс‹ сѓсѓрсѓрі: рєр°рє рёр·р±р°рірёс‚сњсѓсџ рѕс‚ рїрѕс‚рµсђсњ рё рїрѕріс‹сѓрёс‚сњ сќс„с„рµрєс‚рёрірѕрѕсѓс‚сњ,Информационное ядро (статьи),informational,L,/articles,informational,existing,вариант под how-to
как nps net promoter score: рєр°рє рёр·рјрµсђрёс‚сњ ррѕсџрсњрѕрѕсѓс‚сњ рєррёрµрѕс‚рѕрі,Информационное ядро (статьи),informational,L,/articles,informational,existing,вариант под how-to
"как okr objectives and key results: рєр°рє рїрѕсѓс‚р°рірёс‚сњ с†рµррё, рєрѕс‚рѕсђс‹рµ рірґрѕс…рѕрѕрірсџсћс‚",Информационное ядро (статьи),informational,L,/articles,informational,existing,вариант под how-to
"как onboarding: рєр°рє р°рґр°рїс‚рёсђрѕрір°с‚сњ рѕрѕрірѕрірѕ сѓрѕс‚сђсѓрґрѕрёрєр°, с‡с‚рѕр±с‹ рѕрѕ рѕрµ сѓс€с‘р с‡рµсђрµр· 3 рјрµсѓсџс†р°",Информационное ядро (статьи),informational,L,/articles,informational,existing,вариант под how-to
как pest-р°рѕр°ррёр·: рєр°рє рѕс†рµрѕрёс‚сњ ріррёсџрѕрёрµ рірѕрµс€рѕрёс… с„р°рєс‚рѕсђрѕрі рѕр° рір°с€ р±рёр·рѕрµсѓ,Информационное ядро (статьи),informational,L,/articles,informational,existing,вариант под how-to
как р¦рµрѕрѕрѕр±сђр°р·рѕрір°рѕрёрµ: рєр°рє сѓсѓс‚р°рѕрѕрірёс‚сњ рїсђр°рірёрсњрѕсѓсћ с†рµрѕсѓ рѕр° рір°с€ рїсђрѕрґсѓрєс‚,Информационное ядро (статьи),informational,L,/articles,informational,existing,вариант под how-to
как р‘рёр·рѕрµсѓ-рјрѕрґрµрсњ: рєр°рє рѕрїрёсѓр°с‚сњ рё рїсђрѕс‚рµсѓс‚рёсђрѕрір°с‚сњ,Информационное ядро (статьи),informational,L,/articles,informational,existing,вариант под how-to
как р‘сћрґр¶рµс‚рёсђрѕрір°рѕрёрµ: рєр°рє сѓрѕсѓс‚р°рірёс‚сњ рё рєрѕрѕс‚сђрѕррёсђрѕрір°с‚сњ р±сћрґр¶рµс‚ рєрѕрјрїр°рѕрёрё,Информационное ядро (статьи),informational,L,/articles,informational,existing,вариант под how-to
как р’рµрґрµрѕрёрµ рїрµсђрµрірѕрірѕсђрѕрі: рєрсћс‡рµріс‹рµ рїсђр°рірёрр° рґрсџ рїсђрµрґрїсђрёрѕрёрјр°с‚рµрсџ,Информационное ядро (статьи),informational,L,/articles,informational,existing,вариант под how-to
"как р›рёс‡рѕс‹р№ р±сђрµрѕрґ рѕсѓрѕрѕрір°с‚рµрсџ: рєр°рє рѕрѕ рїрѕрјрѕрір°рµс‚ рїсђрёріррµрєр°с‚сњ рєррёрµрѕс‚рѕрі, рїр°сђс‚рѕс‘сђрѕрі рё сѓрѕс‚сђсѓрґрѕрёрєрѕрі",Информационное ядро (статьи),informational,L,/articles,informational,existing,вариант под how-to
как р¤рёрѕр°рѕсѓрѕрірѕрµ рїрр°рѕрёсђрѕрір°рѕрёрµ рґрсџ сѓс‚р°сђс‚р°рїрѕрі: сѓ с‡рµрірѕ рѕр°с‡р°с‚сњ,Информационное ядро (статьи),informational,L,/articles,informational,existing,вариант под how-to
как р¤рѕрѕрґ рѕрїрр°с‚с‹ с‚сђсѓрґр° р¤рћрў: рєр°рє рїсђр°рірёрсњрѕрѕ рµрірѕ рїрр°рѕрёсђрѕрір°с‚сњ рё рєрѕрѕс‚сђрѕррёсђрѕрір°с‚сњ,Информационное ядро (статьи),informational,L,/articles,informational,existing,вариант под how-to
как р§с‚рѕ с‚р°рєрѕрµ ebitda рё рїрѕс‡рµрјсѓ рёрѕрірµсѓс‚рѕсђс‹ рсћр±сџс‚ сќс‚сѓ рјрµс‚сђрёрєсѓ,Информационное ядро (статьи),informational,L,/articles,informational,existing,вариант под how-to
как р®рѕрёс‚-сќрєрѕрѕрѕрјрёрєр°: рєр°рє рїрѕсѓс‡рёс‚р°с‚сњ рё р·р°с‡рµрј рѕрѕр° рѕсѓр¶рѕр°,Информационное ядро (статьи),informational,L,/articles,informational,existing,вариант под how-to
как р®сђрёрґрёс‡рµсѓрєр°сџ р±рµр·рѕрїр°сѓрѕрѕсѓс‚сњ р±рёр·рѕрµсѓр°: с‡с‚рѕ рїсђрѕрірµсђрёс‚сњ рі рїрµсђрісѓсћ рѕс‡рµсђрµрґсњ,Информационное ядро (статьи),informational,L,/articles,informational,existing,вариант под how-to
как рђрѕр°ррёр· рєрѕрѕрєсѓсђрµрѕс‚рѕрі: рєр°рє рѕр°р№с‚рё рё рёсѓрїрѕрсњр·рѕрір°с‚сњ рёс… сѓрр°р±с‹рµ сѓс‚рѕсђрѕрѕс‹,Информационное ядро (статьи),informational,L,/articles,informational,existing,вариант под how-to
как рђріс‚рѕрјр°с‚рёр·р°с†рёсџ р±рёр·рѕрµсѓ-рїсђрѕс†рµсѓсѓрѕрі: сѓ с‡рµрірѕ рѕр°с‡р°с‚сњ рё рєр°рєрёрµ рёрѕсѓс‚сђсѓрјрµрѕс‚с‹ ріс‹р±сђр°с‚сњ,Информационное ядро (статьи),informational,L,/articles,informational,existing,вариант под how-to
как рјрїсђр°ріррµрѕрёрµ рґрµрѕрµр¶рѕс‹рјрё рїрѕс‚рѕрєр°рјрё: рєр°рє рёр·р±рµр¶р°с‚сњ рєр°сѓсѓрѕрірѕрірѕ сђр°р·сђс‹рір°,Информационное ядро (статьи),informational,L,/articles,informational,existing,вариант под how-to
как рјрїсђр°ріррµрѕрёрµ рѕр±рѕсђрѕс‚рѕс‹рј рєр°рїрёс‚р°ррѕрј: рєр°рє рѕрµ р·р°рјрѕсђрѕр·рёс‚сњ рґрµрѕсњрірё,Информационное ядро (статьи),informational,L,/articles,informational,existing,вариант под how-to
как рјрїсђр°ріррµрѕрёрµ рїсђрѕрµрєс‚р°рјрё: рєр°рє сѓсѓрїрµрір°с‚сњ рі сѓсђрѕрє рё рі сђр°рјрєр°с… р±сћрґр¶рµс‚р°,Информационное ядро (статьи),informational,L,/articles,informational,existing,вариант под how-to
как рјрїсђр°ріррµрѕрёрµ сђрёсѓрєр°рјрё: рєр°рє рїрѕрґрірѕс‚рѕрірёс‚сњсѓсџ рє рѕрµрѕр¶рёрґр°рѕрѕрѕсѓс‚сџрј рё сѓрѕсѓс‚р°рірёс‚сњ рїрр°рѕ вр‘в,Информационное ядро (статьи),informational,L,/articles,informational,existing,вариант под how-to
как рјрїсђр°ріррµрѕс‡рµсѓрєрёр№ сѓс‡с‘с‚ сѓрірѕрёрјрё сђсѓрєр°рјрё: рєр°рє сѓрѕр±сђр°с‚сњ рґр°с€р±рѕсђрґ рґрсџ рґрёсђрµрєс‚рѕсђр°,Информационное ядро (статьи),informational,L,/articles,informational,existing,вариант под how-to
как рќр°ррѕрірѕрір°сџ рѕрїс‚рёрјрёр·р°с†рёсџ рґрсџ рјр°ррѕрірѕ р±рёр·рѕрµсѓр°: р·р°рєрѕрѕрѕс‹рµ сѓрїрѕсѓрѕр±с‹,Информационное ядро (статьи),informational,L,/articles,informational,existing,вариант под how-to
"как рќрµрјр°с‚рµсђрёр°рсњрѕр°сџ рјрѕс‚рёрір°с†рёсџ: 10 сѓрїрѕсѓрѕр±рѕрі р·р°р¶рµс‡сњ рєрѕрјр°рѕрґсѓ, рѕрµ сѓрірµррёс‡рёрір°сџ р¤рћрў",Информационное ядро (статьи),informational,L,/articles,informational,existing,вариант под how-to
как рљр°рє р·р°с‰рёс‚рёс‚сњ рёрѕс‚рµрррµрєс‚сѓр°рсњрѕсѓсћ сѓрѕр±сѓс‚рірµрѕрѕрѕсѓс‚сњ рір°с€рµрірѕ р±рёр·рѕрµсѓр°,Информационное ядро (статьи),informational,L,/articles,informational,existing,вариант под how-to
"как рљр°рє рґр°рір°с‚сњ рѕр±сђр°с‚рѕсѓсћ сѓрісџр·сњ, рєрѕс‚рѕсђр°сџ сђр°р·рірёрір°рµс‚, р° рѕрµ рѕр±рёр¶р°рµс‚",Информационное ядро (статьи),informational,L,/articles,informational,existing,вариант под how-to
как рљр°рє рѕр°рѕрёрјр°с‚сњ сѓрёрсњрѕс‹с… сѓрѕс‚сђсѓрґрѕрёрєрѕрі: рїрѕс€р°рірѕрірѕрµ сђсѓрєрѕрірѕрґсѓс‚рірѕ,Информационное ядро (статьи),informational,L,/articles,informational,existing,вариант под how-to
как рљр°рє рірѕрµрґсђрёс‚сњ crm-сѓрёсѓс‚рµрјсѓ рё рѕрµ рїрѕр¶р°ррµс‚сњ рѕр± сќс‚рѕрј: рёрѕсѓс‚сђсѓрєс†рёсџ рґрсџ рјр°ррѕрірѕ р±рёр·рѕрµсѓр°,Информационное ядро (статьи),informational,L,/articles,informational,existing,вариант под how-to
как рљр°рє рїрѕрґрірѕс‚рѕрірёс‚сњсѓсџ рє рісѓс‚сђрµс‡рµ сѓ рёрѕрірµсѓс‚рѕсђрѕрј,Информационное ядро (статьи),informational,L,/articles,informational,existing,вариант под how-to
как рљр°рє ріс‹р±сђр°с‚сњ рєрѕрѕсѓр°рс‚рёрѕрірѕрісѓсћ рєрѕрјрїр°рѕрёсћ: 7 рєсђрёс‚рµсђрёрµрі,Информационное ядро (статьи),informational,L,/articles,informational,existing,вариант под how-to
как рљр°рє рїсђрѕрірµсѓс‚рё swot-р°рѕр°ррёр· рё рїсђрёрѕсџс‚сњ рірµсђрѕрѕрµ сђрµс€рµрѕрёрµ,Информационное ядро (статьи),informational,L,/articles,informational,existing,вариант под how-to
"как рљр°рє рїсђрѕрірѕрґрёс‚сњ сѓрѕрірµс‰р°рѕрёсџ, рєрѕс‚рѕсђс‹рµ рѕрµ с‚сђр°с‚сџс‚ рісђрµрјсџ рірїсѓсѓс‚сѓсћ",Информационное ядро (статьи),informational,L,/articles,informational,existing,вариант под how-to
"как рљр°рє с‡рёс‚р°с‚сњ с‚сђрё рірр°рірѕс‹с… с„рёрѕр°рѕсѓрѕріс‹с… рѕс‚с‡с‘с‚р°: рррў, рћрџрёрј рё р‘р°рр°рѕсѓ",Информационное ядро (статьи),informational,L,/articles,informational,existing,вариант под how-to
как рљр°рє сѓрірѕррёс‚сњ сѓрѕс‚сђсѓрґрѕрёрєр° рїсђр°рірёрсњрѕрѕ: сћсђрёрґрёс‡рµсѓрєрёрµ рё сќс‚рёс‡рµсѓрєрёрµ р°сѓрїрµрєс‚с‹,Информационное ядро (статьи),informational,L,/articles,informational,existing,вариант под how-to
как рљр°рє сђр°сѓсѓс‡рёс‚р°с‚сњ с‚рѕс‡рєсѓ р±рµр·сѓр±с‹с‚рѕс‡рѕрѕсѓс‚рё рір°с€рµрірѕ р±рёр·рѕрµсѓр°,Информационное ядро (статьи),informational,L,/articles,informational,existing,вариант под how-to
"как рљрѕрѕс‚рµрѕс‚-рјр°сђрєрµс‚рёрѕрі рґрсџ сѓррѕр¶рѕс‹с… рїсђрѕрґсѓрєс‚рѕрі: рєр°рє рѕр±сљсџсѓрѕсџс‚сњ, рѕр±сѓс‡р°с‚сњ рё рїсђрѕрґр°рір°с‚сњ",Информационное ядро (статьи),informational,L,/articles,informational,existing,вариант под how-to
как рљррёрµрѕс‚сѓрєрёр№ сѓрµсђрірёсѓ: рєр°рє рїсђрµрісђр°с‚рёс‚сњ рєррёрµрѕс‚рѕрі рі с„р°рѕр°с‚рѕрі р±сђрµрѕрґр°,Информационное ядро (статьи),informational,L,/articles,informational,existing,вариант под how-to
как рњр°сѓс€с‚р°р±рёсђрѕрір°рѕрёрµ р±рёр·рѕрµсѓр°: рєрѕрірґр° рё рєр°рє сђр°сѓс‚рё,Информационное ядро (статьи),informational,L,/articles,informational,existing,вариант под how-to
как ррµррµрірёсђрѕрір°рѕрёрµ: рєр°рє рїрµсђрµрґр°рір°с‚сњ р·р°рґр°с‡рё рё рѕрµ с‚рµсђсџс‚сњ рєрѕрѕс‚сђрѕрсњ,Информационное ядро (статьи),informational,L,/articles,informational,existing,вариант под how-to
как рўс‚сђр°с‚рµрірёсџ вррѕрсѓр±рѕрірѕ рѕрєрµр°рѕр°в: рєр°рє рѕр°р№с‚рё сѓрірѕсћ рѕрёс€сѓ рё сѓр№с‚рё рѕс‚ рєрѕрѕрєсѓсђрµрѕс†рёрё,Информационное ядро (статьи),informational,L,/articles,informational,existing,вариант под how-to
"как рџрёрірѕс‚: рєрѕрірґр° рё рєр°рє сђрµс€рёс‚сњсѓсџ рѕр° сѓрјрµрѕсѓ р±рёр·рѕрµсѓ-рјрѕрґрµррё, с‡с‚рѕр±с‹ сѓрїр°сѓс‚рё рєрѕрјрїр°рѕрёсћ",Информационное ядро (статьи),informational,L,/articles,informational,existing,вариант под how-to
как рџрѕсѓс‚сђрѕрµрѕрёрµ рєрѕсђрїрѕсђр°с‚рёрірѕрѕр№ рєсѓрсњс‚сѓсђс‹ сѓ рѕсѓрсџ: р·р°с‡рµрј сќс‚рѕ рѕсѓр¶рѕрѕ рё рєр°рє сќс‚рѕ рґрµрр°с‚сњ,Информационное ядро (статьи),informational,L,/articles,informational,existing,вариант под how-to
как рџрѕсѓс‚сђрѕрµрѕрёрµ рірѕсђрѕрѕрєрё рїсђрѕрґр°р¶ b2b: рѕс‚ с…рѕррѕрґрѕрѕрірѕ рєрѕрѕс‚р°рєс‚р° рґрѕ рїрѕсѓс‚рѕсџрѕрѕрѕрірѕ рєррёрµрѕс‚р°,Информационное ядро (статьи),informational,L,/articles,informational,existing,вариант под how-to
5 с‚сђрµрѕрґрѕрі рі сѓс‚сђр°с‚рµрірёс‡рµсѓрєрѕрј рєрѕрѕсѓр°рс‚рёрѕрірµ 2025,Информационное ядро (статьи),informational,M,/articles,informational,existing,закрывается статьей
bootstrapping vs. р’рµрѕс‡сѓсђрѕс‹рµ рёрѕрірµсѓс‚рёс†рёрё: рєр°рєрѕр№ рїсѓс‚сњ с„рёрѕр°рѕсѓрёсђрѕрір°рѕрёсџ ріс‹р±сђр°с‚сњ,Информационное ядро (статьи),informational,M,/articles,informational,existing,закрывается статьей
customer journey map: рєр°рє рѕр°сђрёсѓрѕрір°с‚сњ рїсѓс‚сњ рєррёрµрѕс‚р° рё рѕр°р№с‚рё с‚рѕс‡рєрё сђрѕсѓс‚р°,Информационное ядро (статьи),informational,M,/articles,informational,existing,закрывается статьей
go-to-market сѓс‚сђр°с‚рµрірёсџ gtm: рїрѕс€р°рірѕріс‹р№ рїрр°рѕ ріс‹рірѕрґр° рѕрѕрірѕрірѕ рїсђрѕрґсѓрєс‚р° рѕр° сђс‹рѕрѕрє,Информационное ядро (статьи),informational,M,/articles,informational,existing,закрывается статьей
kpi рґрсџ сѓрѕс‚сђсѓрґрѕрёрєрѕрі: рєр°рє сђр°р·сђр°р±рѕс‚р°с‚сњ рё рірѕрµрґсђрёс‚сњ,Информационное ядро (статьи),informational,M,/articles,informational,existing,закрывается статьей
lean-рїрѕрґс…рѕрґ рґрсџ сѓс„рµсђс‹ сѓсѓрсѓрі: рєр°рє рёр·р±р°рірёс‚сњсѓсџ рѕс‚ рїрѕс‚рµсђсњ рё рїрѕріс‹сѓрёс‚сњ сќс„с„рµрєс‚рёрірѕрѕсѓс‚сњ,Информационное ядро (статьи),informational,M,/articles,informational,existing,закрывается статьей
nps net promoter score: рєр°рє рёр·рјрµсђрёс‚сњ ррѕсџрсњрѕрѕсѓс‚сњ рєррёрµрѕс‚рѕрі,Информационное ядро (статьи),informational,M,/articles,informational,existing,закрывается статьей
"okr objectives and key results: рєр°рє рїрѕсѓс‚р°рірёс‚сњ с†рµррё, рєрѕс‚рѕсђс‹рµ рірґрѕс…рѕрѕрірсџсћс‚",Информационное ядро (статьи),informational,M,/articles,informational,existing,закрывается статьей
"onboarding: рєр°рє р°рґр°рїс‚рёсђрѕрір°с‚сњ рѕрѕрірѕрірѕ сѓрѕс‚сђсѓрґрѕрёрєр°, с‡с‚рѕр±с‹ рѕрѕ рѕрµ сѓс€с‘р с‡рµсђрµр· 3 рјрµсѓсџс†р°",Информационное ядро (статьи),informational,M,/articles,informational,existing,закрывается статьей
pest-р°рѕр°ррёр·: рєр°рє рѕс†рµрѕрёс‚сњ ріррёсџрѕрёрµ рірѕрµс€рѕрёс… с„р°рєс‚рѕсђрѕрі рѕр° рір°с€ р±рёр·рѕрµсѓ,Информационное ядро (статьи),informational,M,/articles,informational,existing,закрывается статьей
р¦рµрѕрѕрѕр±сђр°р·рѕрір°рѕрёрµ: рєр°рє сѓсѓс‚р°рѕрѕрірёс‚сњ рїсђр°рірёрсњрѕсѓсћ с†рµрѕсѓ рѕр° рір°с€ рїсђрѕрґсѓрєс‚,Информационное ядро (статьи),informational,M,/articles,informational,existing,закрывается статьей
р‘рёр·рѕрµсѓ-рјрѕрґрµрсњ: рєр°рє рѕрїрёсѓр°с‚сњ рё рїсђрѕс‚рµсѓс‚рёсђрѕрір°с‚сњ,Информационное ядро (статьи),informational,M,/articles,informational,existing,закрывается статьей
р‘сћрґр¶рµс‚рёсђрѕрір°рѕрёрµ: рєр°рє сѓрѕсѓс‚р°рірёс‚сњ рё рєрѕрѕс‚сђрѕррёсђрѕрір°с‚сњ р±сћрґр¶рµс‚ рєрѕрјрїр°рѕрёрё,Информационное ядро (статьи),informational,M,/articles,informational,existing,закрывается статьей
р’рµрґрµрѕрёрµ рїрµсђрµрірѕрірѕсђрѕрі: рєрсћс‡рµріс‹рµ рїсђр°рірёрр° рґрсџ рїсђрµрґрїсђрёрѕрёрјр°с‚рµрсџ,Информационное ядро (статьи),informational,M,/articles,informational,existing,закрывается статьей
"р›рёс‡рѕс‹р№ р±сђрµрѕрґ рѕсѓрѕрѕрір°с‚рµрсџ: рєр°рє рѕрѕ рїрѕрјрѕрір°рµс‚ рїсђрёріррµрєр°с‚сњ рєррёрµрѕс‚рѕрі, рїр°сђс‚рѕс‘сђрѕрі рё сѓрѕс‚сђсѓрґрѕрёрєрѕрі",Информационное ядро (статьи),informational,M,/articles,informational,existing,закрывается статьей
р¤рёрѕр°рѕсѓрѕрірѕрµ рїрр°рѕрёсђрѕрір°рѕрёрµ рґрсџ сѓс‚р°сђс‚р°рїрѕрі: сѓ с‡рµрірѕ рѕр°с‡р°с‚сњ,Информационное ядро (статьи),informational,M,/articles,informational,existing,закрывается статьей
р¤рѕрѕрґ рѕрїрр°с‚с‹ с‚сђсѓрґр° р¤рћрў: рєр°рє рїсђр°рірёрсњрѕрѕ рµрірѕ рїрр°рѕрёсђрѕрір°с‚сњ рё рєрѕрѕс‚сђрѕррёсђрѕрір°с‚сњ,Информационное ядро (статьи),informational,M,/articles,informational,existing,закрывается статьей
р§с‚рѕ с‚р°рєрѕрµ ebitda рё рїрѕс‡рµрјсѓ рёрѕрірµсѓс‚рѕсђс‹ рсћр±сџс‚ сќс‚сѓ рјрµс‚сђрёрєсѓ,Информационное ядро (статьи),informational,M,/articles,informational,existing,закрывается статьей
р®рѕрёс‚-сќрєрѕрѕрѕрјрёрєр°: рєр°рє рїрѕсѓс‡рёс‚р°с‚сњ рё р·р°с‡рµрј рѕрѕр° рѕсѓр¶рѕр°,Информационное ядро (статьи),informational,M,/articles,informational,existing,закрывается статьей
р®сђрёрґрёс‡рµсѓрєр°сџ р±рµр·рѕрїр°сѓрѕрѕсѓс‚сњ р±рёр·рѕрµсѓр°: с‡с‚рѕ рїсђрѕрірµсђрёс‚сњ рі рїрµсђрісѓсћ рѕс‡рµсђрµрґсњ,Информационное ядро (статьи),informational,M,/articles,informational,existing,закрывается статьей
рђрѕр°ррёр· рєрѕрѕрєсѓсђрµрѕс‚рѕрі: рєр°рє рѕр°р№с‚рё рё рёсѓрїрѕрсњр·рѕрір°с‚сњ рёс… сѓрр°р±с‹рµ сѓс‚рѕсђрѕрѕс‹,Информационное ядро (статьи),informational,M,/articles,informational,existing,закрывается статьей
рђріс‚рѕрјр°с‚рёр·р°с†рёсџ р±рёр·рѕрµсѓ-рїсђрѕс†рµсѓсѓрѕрі: сѓ с‡рµрірѕ рѕр°с‡р°с‚сњ рё рєр°рєрёрµ рёрѕсѓс‚сђсѓрјрµрѕс‚с‹ ріс‹р±сђр°с‚сњ,Информационное ядро (статьи),informational,M,/articles,informational,existing,закрывается статьей
рјрїсђр°ріррµрѕрёрµ рґрµрѕрµр¶рѕс‹рјрё рїрѕс‚рѕрєр°рјрё: рєр°рє рёр·р±рµр¶р°с‚сњ рєр°сѓсѓрѕрірѕрірѕ сђр°р·сђс‹рір°,Информационное ядро (статьи),informational,M,/articles,informational,existing,закрывается статьей
рјрїсђр°ріррµрѕрёрµ рѕр±рѕсђрѕс‚рѕс‹рј рєр°рїрёс‚р°ррѕрј: рєр°рє рѕрµ р·р°рјрѕсђрѕр·рёс‚сњ рґрµрѕсњрірё,Информационное ядро (статьи),informational,M,/articles,informational,existing,закрывается статьей
рјрїсђр°ріррµрѕрёрµ рїсђрѕрµрєс‚р°рјрё: рєр°рє сѓсѓрїрµрір°с‚сњ рі сѓсђрѕрє рё рі сђр°рјрєр°с… р±сћрґр¶рµс‚р°,Информационное ядро (статьи),informational,M,/articles,informational,existing,закрывается статьей
рјрїсђр°ріррµрѕрёрµ сђрёсѓрєр°рјрё: рєр°рє рїрѕрґрірѕс‚рѕрірёс‚сњсѓсџ рє рѕрµрѕр¶рёрґр°рѕрѕрѕсѓс‚сџрј рё сѓрѕсѓс‚р°рірёс‚сњ рїрр°рѕ вр‘в,Информационное ядро (статьи),informational,M,/articles,informational,existing,закрывается статьей
рјрїсђр°ріррµрѕс‡рµсѓрєрёр№ сѓс‡с‘с‚ сѓрірѕрёрјрё сђсѓрєр°рјрё: рєр°рє сѓрѕр±сђр°с‚сњ рґр°с€р±рѕсђрґ рґрсџ рґрёсђрµрєс‚рѕсђр°,Информационное ядро (статьи),informational,M,/articles,informational,existing,закрывается статьей
рќр°ррѕрірѕрір°сџ рѕрїс‚рёрјрёр·р°с†рёсџ рґрсџ рјр°ррѕрірѕ р±рёр·рѕрµсѓр°: р·р°рєрѕрѕрѕс‹рµ сѓрїрѕсѓрѕр±с‹,Информационное ядро (статьи),informational,M,/articles,informational,existing,закрывается статьей
"рќрµрјр°с‚рµсђрёр°рсњрѕр°сџ рјрѕс‚рёрір°с†рёсџ: 10 сѓрїрѕсѓрѕр±рѕрі р·р°р¶рµс‡сњ рєрѕрјр°рѕрґсѓ, рѕрµ сѓрірµррёс‡рёрір°сџ р¤рћрў",Информационное ядро (статьи),informational,M,/articles,informational,existing,закрывается статьей
рљр°рє р·р°с‰рёс‚рёс‚сњ рёрѕс‚рµрррµрєс‚сѓр°рсњрѕсѓсћ сѓрѕр±сѓс‚рірµрѕрѕрѕсѓс‚сњ рір°с€рµрірѕ р±рёр·рѕрµсѓр°,Информационное ядро (статьи),informational,M,/articles,informational,existing,закрывается статьей
"рљр°рє рґр°рір°с‚сњ рѕр±сђр°с‚рѕсѓсћ сѓрісџр·сњ, рєрѕс‚рѕсђр°сџ сђр°р·рірёрір°рµс‚, р° рѕрµ рѕр±рёр¶р°рµс‚",Информационное ядро (статьи),informational,M,/articles,informational,existing,закрывается статьей
рљр°рє рѕр°рѕрёрјр°с‚сњ сѓрёрсњрѕс‹с… сѓрѕс‚сђсѓрґрѕрёрєрѕрі: рїрѕс€р°рірѕрірѕрµ сђсѓрєрѕрірѕрґсѓс‚рірѕ,Информационное ядро (статьи),informational,M,/articles,informational,existing,закрывается статьей
рљр°рє рірѕрµрґсђрёс‚сњ crm-сѓрёсѓс‚рµрјсѓ рё рѕрµ рїрѕр¶р°ррµс‚сњ рѕр± сќс‚рѕрј: рёрѕсѓс‚сђсѓрєс†рёсџ рґрсџ рјр°ррѕрірѕ р±рёр·рѕрµсѓр°,Информационное ядро (статьи),informational,M,/articles,informational,existing,закрывается статьей
рљр°рє рїрѕрґрірѕс‚рѕрірёс‚сњсѓсџ рє рісѓс‚сђрµс‡рµ сѓ рёрѕрірµсѓс‚рѕсђрѕрј,Информационное ядро (статьи),informational,M,/articles,informational,existing,закрывается статьей
рљр°рє ріс‹р±сђр°с‚сњ рєрѕрѕсѓр°рс‚рёрѕрірѕрісѓсћ рєрѕрјрїр°рѕрёсћ: 7 рєсђрёс‚рµсђрёрµрі,Информационное ядро (статьи),informational,M,/articles,informational,existing,закрывается статьей
рљр°рє рїсђрѕрірµсѓс‚рё swot-р°рѕр°ррёр· рё рїсђрёрѕсџс‚сњ рірµсђрѕрѕрµ сђрµс€рµрѕрёрµ,Информационное ядро (статьи),informational,M,/articles,informational,existing,закрывается статьей
"рљр°рє рїсђрѕрірѕрґрёс‚сњ сѓрѕрірµс‰р°рѕрёсџ, рєрѕс‚рѕсђс‹рµ рѕрµ с‚сђр°с‚сџс‚ рісђрµрјсџ рірїсѓсѓс‚сѓсћ",Информационное ядро (статьи),informational,M,/articles,informational,existing,закрывается статьей
"рљр°рє с‡рёс‚р°с‚сњ с‚сђрё рірр°рірѕс‹с… с„рёрѕр°рѕсѓрѕріс‹с… рѕс‚с‡с‘с‚р°: рррў, рћрџрёрј рё р‘р°рр°рѕсѓ",Информационное ядро (статьи),informational,M,/articles,informational,existing,закрывается статьей
рљр°рє сѓрірѕррёс‚сњ сѓрѕс‚сђсѓрґрѕрёрєр° рїсђр°рірёрсњрѕрѕ: сћсђрёрґрёс‡рµсѓрєрёрµ рё сќс‚рёс‡рµсѓрєрёрµ р°сѓрїрµрєс‚с‹,Информационное ядро (статьи),informational,M,/articles,informational,existing,закрывается статьей
рљр°рє сђр°сѓсѓс‡рёс‚р°с‚сњ с‚рѕс‡рєсѓ р±рµр·сѓр±с‹с‚рѕс‡рѕрѕсѓс‚рё рір°с€рµрірѕ р±рёр·рѕрµсѓр°,Информационное ядро (статьи),informational,M,/articles,informational,existing,закрывается статьей
"рљрѕрѕс‚рµрѕс‚-рјр°сђрєрµс‚рёрѕрі рґрсџ сѓррѕр¶рѕс‹с… рїсђрѕрґсѓрєс‚рѕрі: рєр°рє рѕр±сљсџсѓрѕсџс‚сњ, рѕр±сѓс‡р°с‚сњ рё рїсђрѕрґр°рір°с‚сњ",Информационное ядро (статьи),informational,M,/articles,informational,existing,закрывается статьей
рљррёрµрѕс‚сѓрєрёр№ сѓрµсђрірёсѓ: рєр°рє рїсђрµрісђр°с‚рёс‚сњ рєррёрµрѕс‚рѕрі рі с„р°рѕр°с‚рѕрі р±сђрµрѕрґр°,Информационное ядро (статьи),informational,M,/articles,informational,existing,закрывается статьей
рњр°сѓс€с‚р°р±рёсђрѕрір°рѕрёрµ р±рёр·рѕрµсѓр°: рєрѕрірґр° рё рєр°рє сђр°сѓс‚рё,Информационное ядро (статьи),informational,M,/articles,informational,existing,закрывается статьей
ррµррµрірёсђрѕрір°рѕрёрµ: рєр°рє рїрµсђрµрґр°рір°с‚сњ р·р°рґр°с‡рё рё рѕрµ с‚рµсђсџс‚сњ рєрѕрѕс‚сђрѕрсњ,Информационное ядро (статьи),informational,M,/articles,informational,existing,закрывается статьей
рўс‚сђр°с‚рµрірёсџ вррѕрсѓр±рѕрірѕ рѕрєрµр°рѕр°в: рєр°рє рѕр°р№с‚рё сѓрірѕсћ рѕрёс€сѓ рё сѓр№с‚рё рѕс‚ рєрѕрѕрєсѓсђрµрѕс†рёрё,Информационное ядро (статьи),informational,M,/articles,informational,existing,закрывается статьей
"рџрёрірѕс‚: рєрѕрірґр° рё рєр°рє сђрµс€рёс‚сњсѓсџ рѕр° сѓрјрµрѕсѓ р±рёр·рѕрµсѓ-рјрѕрґрµррё, с‡с‚рѕр±с‹ сѓрїр°сѓс‚рё рєрѕрјрїр°рѕрёсћ",Информационное ядро (статьи),informational,M,/articles,informational,existing,закрывается статьей
рџрѕсѓс‚сђрѕрµрѕрёрµ рєрѕсђрїрѕсђр°с‚рёрірѕрѕр№ рєсѓрсњс‚сѓсђс‹ сѓ рѕсѓрсџ: р·р°с‡рµрј сќс‚рѕ рѕсѓр¶рѕрѕ рё рєр°рє сќс‚рѕ рґрµрр°с‚сњ,Информационное ядро (статьи),informational,M,/articles,informational,existing,закрывается статьей
рџрѕсѓс‚сђрѕрµрѕрёрµ рірѕсђрѕрѕрєрё рїсђрѕрґр°р¶ b2b: рѕс‚ с…рѕррѕрґрѕрѕрірѕ рєрѕрѕс‚р°рєс‚р° рґрѕ рїрѕсѓс‚рѕсџрѕрѕрѕрірѕ рєррёрµрѕс‚р°,Информационное ядро (статьи),informational,M,/articles,informational,existing,закрывается статьей
антикризисный консалтинг,Коммерческое ядро,transactional,H,/services,commercial,existing,
антикризисный консалтинг заказать,Коммерческое ядро,transactional,H,/services,commercial,existing,
антикризисный консалтинг консультация,Коммерческое ядро,transactional,H,/services,commercial,existing,
антикризисный консалтинг под ключ,Коммерческое ядро,transactional,H,/services,commercial,existing,
антикризисный консалтинг стоимость,Коммерческое ядро,transactional,H,/services,commercial,existing,
антикризисный консалтинг услуги,Коммерческое ядро,transactional,H,/services,commercial,existing,
антикризисный консалтинг цена,Коммерческое ядро,transactional,H,/services,commercial,existing,
аудит бизнеса,Коммерческое ядро,transactional,H,/services,commercial,existing,
аудит бизнеса заказать,Коммерческое ядро,transactional,H,/services,commercial,existing,
аудит бизнеса консультация,Коммерческое ядро,transactional,H,/services,commercial,existing,
аудит бизнеса под ключ,Коммерческое ядро,transactional,H,/services,commercial,existing,
аудит бизнеса стоимость,Коммерческое ядро,transactional,H,/services,commercial,existing,
аудит бизнеса услуги,Коммерческое ядро,transactional,H,/services,commercial,existing,
аудит бизнеса цена,Коммерческое ядро,transactional,H,/services,commercial,existing,
бизнес консалтинг,Коммерческое ядро,transactional,H,/services,commercial,existing,
бизнес консалтинг заказать,Коммерческое ядро,transactional,H,/services,commercial,existing,
бизнес консалтинг консультация,Коммерческое ядро,transactional,H,/services,commercial,existing,
бизнес консалтинг под ключ,Коммерческое ядро,transactional,H,/services,commercial,existing,
бизнес консалтинг стоимость,Коммерческое ядро,transactional,H,/services,commercial,existing,
бизнес консалтинг услуги,Коммерческое ядро,transactional,H,/services,commercial,existing,
бизнес консалтинг цена,Коммерческое ядро,transactional,H,/services,commercial,existing,
долговая нагрузка бизнеса,Коммерческое ядро,transactional,H,/services/debt-restructuring,commercial,existing,
долговая нагрузка бизнеса заказать,Коммерческое ядро,transactional,H,/services/debt-restructuring,commercial,existing,
долговая нагрузка бизнеса консультация,Коммерческое ядро,transactional,H,/services/debt-restructuring,commercial,existing,
долговая нагрузка бизнеса под ключ,Коммерческое ядро,transactional,H,/services/debt-restructuring,commercial,existing,
долговая нагрузка бизнеса стоимость,Коммерческое ядро,transactional,H,/services/debt-restructuring,commercial,existing,
долговая нагрузка бизнеса услуги,Коммерческое ядро,transactional,H,/services/debt-restructuring,commercial,existing,
долговая нагрузка бизнеса цена,Коммерческое ядро,transactional,H,/services/debt-restructuring,commercial,existing,
комплексное сопровождение бизнеса,Коммерческое ядро,transactional,H,/services/complex,commercial,existing,
комплексное сопровождение бизнеса заказать,Коммерческое ядро,transactional,H,/services/complex,commercial,existing,
комплексное сопровождение бизнеса консультация,Коммерческое ядро,transactional,H,/services/complex,commercial,existing,
комплексное сопровождение бизнеса под ключ,Коммерческое ядро,transactional,H,/services/complex,commercial,existing,
комплексное сопровождение бизнеса стоимость,Коммерческое ядро,transactional,H,/services/complex,commercial,existing,
комплексное сопровождение бизнеса услуги,Коммерческое ядро,transactional,H,/services/complex,commercial,existing,
комплексное сопровождение бизнеса цена,Коммерческое ядро,transactional,H,/services/complex,commercial,existing,
консалтинг для бизнеса,Коммерческое ядро,transactional,H,/services,commercial,existing,
консалтинг для бизнеса заказать,Коммерческое ядро,transactional,H,/services,commercial,existing,
консалтинг для бизнеса консультация,Коммерческое ядро,transactional,H,/services,commercial,existing,
консалтинг для бизнеса под ключ,Коммерческое ядро,transactional,H,/services,commercial,existing,
консалтинг для бизнеса стоимость,Коммерческое ядро,transactional,H,/services,commercial,existing,
консалтинг для бизнеса услуги,Коммерческое ядро,transactional,H,/services,commercial,existing,
консалтинг для бизнеса цена,Коммерческое ядро,transactional,H,/services,commercial,existing,
консалтинг для малого бизнеса,Коммерческое ядро,transactional,H,/services,commercial,existing,
консалтинг для малого бизнеса заказать,Коммерческое ядро,transactional,H,/services,commercial,existing,
консалтинг для малого бизнеса консультация,Коммерческое ядро,transactional,H,/services,commercial,existing,
консалтинг для малого бизнеса под ключ,Коммерческое ядро,transactional,H,/services,commercial,existing,
консалтинг для малого бизнеса стоимость,Коммерческое ядро,transactional,H,/services,commercial,existing,
консалтинг для малого бизнеса услуги,Коммерческое ядро,transactional,H,/services,commercial,existing,
консалтинг для малого бизнеса цена,Коммерческое ядро,transactional,H,/services,commercial,existing,
консалтинг для среднего бизнеса,Коммерческое ядро,transactional,H,/services,commercial,existing,
консалтинг для среднего бизнеса заказать,Коммерческое ядро,transactional,H,/services,commercial,existing,
консалтинг для среднего бизнеса консультация,Коммерческое ядро,transactional,H,/services,commercial,existing,
консалтинг для среднего бизнеса под ключ,Коммерческое ядро,transactional,H,/services,commercial,existing,
консалтинг для среднего бизнеса стоимость,Коммерческое ядро,transactional,H,/services,commercial,existing,
консалтинг для среднего бизнеса услуги,Коммерческое ядро,transactional,H,/services,commercial,existing,
консалтинг для среднего бизнеса цена,Коммерческое ядро,transactional,H,/services,commercial,existing,
операционная эффективность бизнеса,Коммерческое ядро,transactional,H,/services,commercial,existing,
операционная эффективность бизнеса заказать,Коммерческое ядро,transactional,H,/services,commercial,existing,
операционная эффективность бизнеса консультация,Коммерческое ядро,transactional,H,/services,commercial,existing,
операционная эффективность бизнеса под ключ,Коммерческое ядро,transactional,H,/services,commercial,existing,
операционная эффективность бизнеса стоимость,Коммерческое ядро,transactional,H,/services,commercial,existing,
операционная эффективность бизнеса услуги,Коммерческое ядро,transactional,H,/services,commercial,existing,
операционная эффективность бизнеса цена,Коммерческое ядро,transactional,H,/services,commercial,existing,
оптимизация бизнес процессов,Коммерческое ядро,transactional,H,/services/cost-optimization,commercial,existing,
оптимизация бизнес процессов заказать,Коммерческое ядро,transactional,H,/services/cost-optimization,commercial,existing,
оптимизация бизнес процессов консультация,Коммерческое ядро,transactional,H,/services/cost-optimization,commercial,existing,
оптимизация бизнес процессов под ключ,Коммерческое ядро,transactional,H,/services/cost-optimization,commercial,existing,
оптимизация бизнес процессов стоимость,Коммерческое ядро,transactional,H,/services/cost-optimization,commercial,existing,
оптимизация бизнес процессов услуги,Коммерческое ядро,transactional,H,/services/cost-optimization,commercial,existing,
оптимизация бизнес процессов цена,Коммерческое ядро,transactional,H,/services/cost-optimization,commercial,existing,
оптимизация издержек бизнеса,Коммерческое ядро,transactional,H,/services/cost-optimization,commercial,existing,
оптимизация издержек бизнеса заказать,Коммерческое ядро,transactional,H,/services/cost-optimization,commercial,existing,
оптимизация издержек бизнеса консультация,Коммерческое ядро,transactional,H,/services/cost-optimization,commercial,existing,
оптимизация издержек бизнеса под ключ,Коммерческое ядро,transactional,H,/services/cost-optimization,commercial,existing,
оптимизация издержек бизнеса стоимость,Коммерческое ядро,transactional,H,/services/cost-optimization,commercial,existing,
оптимизация издержек бизнеса услуги,Коммерческое ядро,transactional,H,/services/cost-optimization,commercial,existing,
оптимизация издержек бизнеса цена,Коммерческое ядро,transactional,H,/services/cost-optimization,commercial,existing,
отмена судебного приказа,Коммерческое ядро,transactional,H,/services/court-order-cancel,commercial,existing,
отмена судебного приказа заказать,Коммерческое ядро,transactional,H,/services/court-order-cancel,commercial,existing,
отмена судебного приказа консультация,Коммерческое ядро,transactional,H,/services/court-order-cancel,commercial,existing,
отмена судебного приказа под ключ,Коммерческое ядро,transactional,H,/services/court-order-cancel,commercial,existing,
отмена судебного приказа стоимость,Коммерческое ядро,transactional,H,/services/court-order-cancel,commercial,existing,
отмена судебного приказа услуги,Коммерческое ядро,transactional,H,/services/court-order-cancel,commercial,existing,
отмена судебного приказа фл,Коммерческое ядро,transactional,H,/services/court-order-cancel,commercial,existing,
отмена судебного приказа фл заказать,Коммерческое ядро,transactional,H,/services/court-order-cancel,commercial,existing,
отмена судебного приказа фл консультация,Коммерческое ядро,transactional,H,/services/court-order-cancel,commercial,existing,
отмена судебного приказа фл под ключ,Коммерческое ядро,transactional,H,/services/court-order-cancel,commercial,existing,
отмена судебного приказа фл стоимость,Коммерческое ядро,transactional,H,/services/court-order-cancel,commercial,existing,
отмена судебного приказа фл услуги,Коммерческое ядро,transactional,H,/services/court-order-cancel,commercial,existing,
отмена судебного приказа фл цена,Коммерческое ядро,transactional,H,/services/court-order-cancel,commercial,existing,
отмена судебного приказа цена,Коммерческое ядро,transactional,H,/services/court-order-cancel,commercial,existing,
переговоры с кредиторами,Коммерческое ядро,transactional,H,/services/debt-restructuring,commercial,existing,
переговоры с кредиторами заказать,Коммерческое ядро,transactional,H,/services/debt-restructuring,commercial,existing,
переговоры с кредиторами консультация,Коммерческое ядро,transactional,H,/services/debt-restructuring,commercial,existing,
переговоры с кредиторами под ключ,Коммерческое ядро,transactional,H,/services/debt-restructuring,commercial,existing,
переговоры с кредиторами стоимость,Коммерческое ядро,transactional,H,/services/debt-restructuring,commercial,existing,
переговоры с кредиторами услуги,Коммерческое ядро,transactional,H,/services/debt-restructuring,commercial,existing,
переговоры с кредиторами цена,Коммерческое ядро,transactional,H,/services/debt-restructuring,commercial,existing,
реструктуризация долгов,Коммерческое ядро,transactional,H,/services/debt-restructuring,commercial,existing,
реструктуризация долгов бизнеса,Коммерческое ядро,transactional,H,/services/debt-restructuring,commercial,existing,
реструктуризация долгов бизнеса заказать,Коммерческое ядро,transactional,H,/services/debt-restructuring,commercial,existing,
реструктуризация долгов бизнеса консультация,Коммерческое ядро,transactional,H,/services/debt-restructuring,commercial,existing,
реструктуризация долгов бизнеса под ключ,Коммерческое ядро,transactional,H,/services/debt-restructuring,commercial,existing,
реструктуризация долгов бизнеса стоимость,Коммерческое ядро,transactional,H,/services/debt-restructuring,commercial,existing,
реструктуризация долгов бизнеса услуги,Коммерческое ядро,transactional,H,/services/debt-restructuring,commercial,existing,
реструктуризация долгов бизнеса цена,Коммерческое ядро,transactional,H,/services/debt-restructuring,commercial,existing,
реструктуризация долгов заказать,Коммерческое ядро,transactional,H,/services/debt-restructuring,commercial,existing,
реструктуризация долгов консультация,Коммерческое ядро,transactional,H,/services/debt-restructuring,commercial,existing,
реструктуризация долгов под ключ,Коммерческое ядро,transactional,H,/services/debt-restructuring,commercial,existing,
реструктуризация долгов стоимость,Коммерческое ядро,transactional,H,/services/debt-restructuring,commercial,existing,
реструктуризация долгов услуги,Коммерческое ядро,transactional,H,/services/debt-restructuring,commercial,existing,
реструктуризация долгов цена,Коммерческое ядро,transactional,H,/services/debt-restructuring,commercial,existing,
сопровождение бизнеса,Коммерческое ядро,transactional,H,/services,commercial,existing,
сопровождение бизнеса заказать,Коммерческое ядро,transactional,H,/services,commercial,existing,
сопровождение бизнеса консультация,Коммерческое ядро,transactional,H,/services,commercial,existing,
сопровождение бизнеса под ключ,Коммерческое ядро,transactional,H,/services,commercial,existing,
сопровождение бизнеса стоимость,Коммерческое ядро,transactional,H,/services,commercial,existing,
сопровождение бизнеса услуги,Коммерческое ядро,transactional,H,/services,commercial,existing,
сопровождение бизнеса цена,Коммерческое ядро,transactional,H,/services,commercial,existing,
стратегический консалтинг,Коммерческое ядро,transactional,H,/services,commercial,existing,
стратегический консалтинг заказать,Коммерческое ядро,transactional,H,/services,commercial,existing,
стратегический консалтинг консультация,Коммерческое ядро,transactional,H,/services,commercial,existing,
стратегический консалтинг под ключ,Коммерческое ядро,transactional,H,/services,commercial,existing,
стратегический консалтинг стоимость,Коммерческое ядро,transactional,H,/services,commercial,existing,
стратегический консалтинг услуги,Коммерческое ядро,transactional,H,/services,commercial,existing,
стратегический консалтинг цена,Коммерческое ядро,transactional,H,/services,commercial,existing,
управленческий консалтинг,Коммерческое ядро,transactional,H,/services/financial-modeling,commercial,existing,
управленческий консалтинг заказать,Коммерческое ядро,transactional,H,/services/financial-modeling,commercial,existing,
управленческий консалтинг консультация,Коммерческое ядро,transactional,H,/services/financial-modeling,commercial,existing,
управленческий консалтинг под ключ,Коммерческое ядро,transactional,H,/services/financial-modeling,commercial,existing,
управленческий консалтинг стоимость,Коммерческое ядро,transactional,H,/services/financial-modeling,commercial,existing,
управленческий консалтинг услуги,Коммерческое ядро,transactional,H,/services/financial-modeling,commercial,existing,
управленческий консалтинг цена,Коммерческое ядро,transactional,H,/services/financial-modeling,commercial,existing,
управленческий учет для малого бизнеса,Коммерческое ядро,transactional,H,/services/financial-modeling,commercial,existing,
управленческий учет для малого бизнеса заказать,Коммерческое ядро,transactional,H,/services/financial-modeling,commercial,existing,
управленческий учет для малого бизнеса консультация,Коммерческое ядро,transactional,H,/services/financial-modeling,commercial,existing,
управленческий учет для малого бизнеса под ключ,Коммерческое ядро,transactional,H,/services/financial-modeling,commercial,existing,
управленческий учет для малого бизнеса стоимость,Коммерческое ядро,transactional,H,/services/financial-modeling,commercial,existing,
управленческий учет для малого бизнеса услуги,Коммерческое ядро,transactional,H,/services/financial-modeling,commercial,existing,
управленческий учет для малого бизнеса цена,Коммерческое ядро,transactional,H,/services/financial-modeling,commercial,existing,
финансовая модель бизнеса,Коммерческое ядро,transactional,H,/services/financial-modeling,commercial,existing,
финансовая модель бизнеса заказать,Коммерческое ядро,transactional,H,/services/financial-modeling,commercial,existing,
финансовая модель бизнеса консультация,Коммерческое ядро,transactional,H,/services/financial-modeling,commercial,existing,
финансовая модель бизнеса под ключ,Коммерческое ядро,transactional,H,/services/financial-modeling,commercial,existing,
финансовая модель бизнеса стоимость,Коммерческое ядро,transactional,H,/services/financial-modeling,commercial,existing,
финансовая модель бизнеса услуги,Коммерческое ядро,transactional,H,/services/financial-modeling,commercial,existing,
финансовая модель бизнеса цена,Коммерческое ядро,transactional,H,/services/financial-modeling,commercial,existing,
финансовое планирование бизнеса,Коммерческое ядро,transactional,H,/services/financial-modeling,commercial,existing,
финансовое планирование бизнеса заказать,Коммерческое ядро,transactional,H,/services/financial-modeling,commercial,existing,
финансовое планирование бизнеса консультация,Коммерческое ядро,transactional,H,/services/financial-modeling,commercial,existing,
финансовое планирование бизнеса под ключ,Коммерческое ядро,transactional,H,/services/financial-modeling,commercial,existing,
финансовое планирование бизнеса стоимость,Коммерческое ядро,transactional,H,/services/financial-modeling,commercial,existing,
финансовое планирование бизнеса услуги,Коммерческое ядро,transactional,H,/services/financial-modeling,commercial,existing,
финансовое планирование бизнеса цена,Коммерческое ядро,transactional,H,/services/financial-modeling,commercial,existing,
финансовый консалтинг,Коммерческое ядро,transactional,H,/services,commercial,existing,
финансовый консалтинг заказать,Коммерческое ядро,transactional,H,/services,commercial,existing,
финансовый консалтинг консультация,Коммерческое ядро,transactional,H,/services,commercial,existing,
финансовый консалтинг под ключ,Коммерческое ядро,transactional,H,/services,commercial,existing,
финансовый консалтинг стоимость,Коммерческое ядро,transactional,H,/services,commercial,existing,
финансовый консалтинг услуги,Коммерческое ядро,transactional,H,/services,commercial,existing,
финансовый консалтинг цена,Коммерческое ядро,transactional,H,/services,commercial,existing,
экспресс консультация для бизнеса,Коммерческое ядро,transactional,H,/services,commercial,existing,
экспресс консультация для бизнеса заказать,Коммерческое ядро,transactional,H,/services,commercial,existing,
экспресс консультация для бизнеса консультация,Коммерческое ядро,transactional,H,/services,commercial,existing,
экспресс консультация для бизнеса под ключ,Коммерческое ядро,transactional,H,/services,commercial,existing,
экспресс консультация для бизнеса стоимость,Коммерческое ядро,transactional,H,/services,commercial,existing,
экспресс консультация для бизнеса услуги,Коммерческое ядро,transactional,H,/services,commercial,existing,
экспресс консультация для бизнеса цена,Коммерческое ядро,transactional,H,/services,commercial,existing,
операционная эффективность,Комплексное обслуживание,transactional,H,/services,commercial,existing,
операционная эффективность для бизнеса,Комплексное обслуживание,transactional,H,/services,commercial,existing,
операционная эффективность консультация,Комплексное обслуживание,transactional,H,/services,commercial,existing,
операционная эффективность спб,Комплексное обслуживание,transactional,H,/services,commercial,existing,
операционная эффективность стоимость,Комплексное обслуживание,transactional,H,/services,commercial,existing,
операционная эффективность услуги,Комплексное обслуживание,transactional,H,/services,commercial,existing,
операционная эффективность цена,Комплексное обслуживание,transactional,H,/services,commercial,existing,
стратегическое планирование,Комплексное обслуживание,transactional,H,/services,commercial,existing,
стратегическое планирование для бизнеса,Комплексное обслуживание,transactional,H,/services,commercial,existing,
стратегическое планирование консультация,Комплексное обслуживание,transactional,H,/services,commercial,existing,
стратегическое планирование спб,Комплексное обслуживание,transactional,H,/services,commercial,existing,
стратегическое планирование стоимость,Комплексное обслуживание,transactional,H,/services,commercial,existing,
стратегическое планирование услуги,Комплексное обслуживание,transactional,H,/services,commercial,existing,
стратегическое планирование цена,Комплексное обслуживание,transactional,H,/services,commercial,existing,
финансовый консалтинг для бизнеса,Комплексное обслуживание,transactional,H,/services,commercial,existing,
оптимизация издержек ветеринарная клиника,Отраслевые B2B,transactional,M,/services/cost-optimization,commercial,new,сделать отраслевые посадочные на базе кейсов
оптимизация издержек пвз,Отраслевые B2B,transactional,M,/services/cost-optimization,commercial,new,сделать отраслевые посадочные на базе кейсов
оптимизация издержек ритейл,Отраслевые B2B,transactional,M,/services/cost-optimization,commercial,new,сделать отраслевые посадочные на базе кейсов
оптимизация издержек строительная компания,Отраслевые B2B,transactional,M,/services/cost-optimization,commercial,new,сделать отраслевые посадочные на базе кейсов
оптимизация издержек энергетическая компания,Отраслевые B2B,transactional,M,/services/cost-optimization,commercial,new,сделать отраслевые посадочные на базе кейсов
оптимизация издержек юридическая компания,Отраслевые B2B,transactional,M,/services/cost-optimization,commercial,new,сделать отраслевые посадочные на базе кейсов
стратегия роста ветеринарная клиника,Отраслевые B2B,transactional,M,/industry,commercial,new,сделать отраслевые посадочные на базе кейсов
стратегия роста пвз,Отраслевые B2B,transactional,M,/industry,commercial,new,сделать отраслевые посадочные на базе кейсов
стратегия роста ритейл,Отраслевые B2B,transactional,M,/industry,commercial,new,сделать отраслевые посадочные на базе кейсов
стратегия роста строительная компания,Отраслевые B2B,transactional,M,/industry,commercial,new,сделать отраслевые посадочные на базе кейсов
стратегия роста энергетическая компания,Отраслевые B2B,transactional,M,/industry,commercial,new,сделать отраслевые посадочные на базе кейсов
стратегия роста юридическая компания,Отраслевые B2B,transactional,M,/industry,commercial,new,сделать отраслевые посадочные на базе кейсов
финансовый консалтинг ветеринарная клиника,Отраслевые B2B,transactional,M,/industry,commercial,new,сделать отраслевые посадочные на базе кейсов
финансовый консалтинг пвз,Отраслевые B2B,transactional,M,/industry,commercial,new,сделать отраслевые посадочные на базе кейсов
финансовый консалтинг ритейл,Отраслевые B2B,transactional,M,/industry,commercial,new,сделать отраслевые посадочные на базе кейсов
финансовый консалтинг строительная компания,Отраслевые B2B,transactional,M,/industry,commercial,new,сделать отраслевые посадочные на базе кейсов
финансовый консалтинг энергетическая компания,Отраслевые B2B,transactional,M,/industry,commercial,new,сделать отраслевые посадочные на базе кейсов
финансовый консалтинг юридическая компания,Отраслевые B2B,transactional,M,/industry,commercial,new,сделать отраслевые посадочные на базе кейсов
бизнес аудит перед масштабированием,Проблемно-решенческие,commercial investigation,H,/services,commercial,new,рекомендуется отдельный лендинг/блок на странице услуг
как выстроить финансовую модель,Проблемно-решенческие,commercial investigation,H,/services/financial-modeling,commercial,new,рекомендуется отдельный лендинг/блок на странице услуг
как договориться с кредиторами,Проблемно-решенческие,commercial investigation,H,/services/debt-restructuring,commercial,new,рекомендуется отдельный лендинг/блок на странице услуг
как избежать кассового разрыва,Проблемно-решенческие,commercial investigation,H,/services,commercial,new,рекомендуется отдельный лендинг/блок на странице услуг
как оптимизировать налоги законно,Проблемно-решенческие,commercial investigation,H,/services,commercial,new,рекомендуется отдельный лендинг/блок на странице услуг
как отменить судебный приказ быстро,Проблемно-решенческие,commercial investigation,H,/services/court-order-cancel,commercial,new,рекомендуется отдельный лендинг/блок на странице услуг
как повысить операционную эффективность,Проблемно-решенческие,commercial investigation,H,/services,commercial,new,рекомендуется отдельный лендинг/блок на странице услуг
как подготовить бизнес к инвестициям,Проблемно-решенческие,commercial investigation,H,/services,commercial,new,рекомендуется отдельный лендинг/блок на странице услуг
как рассчитать точку безубыточности,Проблемно-решенческие,commercial investigation,H,/services,commercial,new,рекомендуется отдельный лендинг/блок на странице услуг
как сократить расходы компании,Проблемно-решенческие,commercial investigation,H,/services,commercial,new,рекомендуется отдельный лендинг/блок на странице услуг
как увеличить прибыль малого бизнеса,Проблемно-решенческие,commercial investigation,H,/services,commercial,new,рекомендуется отдельный лендинг/блок на странице услуг
консультация по управленческому учету,Проблемно-решенческие,commercial investigation,H,/services/financial-modeling,commercial,new,рекомендуется отдельный лендинг/блок на странице услуг
консультация по финансовой стратегии,Проблемно-решенческие,commercial investigation,H,/services,commercial,new,рекомендуется отдельный лендинг/блок на странице услуг
финансовый директор на аутсорсе,Проблемно-решенческие,commercial investigation,H,/services/complex,commercial,new,рекомендуется отдельный лендинг/блок на странице услуг
что делать если много долгов у бизнеса,Проблемно-решенческие,commercial investigation,H,/services/debt-restructuring,commercial,new,рекомендуется отдельный лендинг/блок на странице услуг
аудит долгов и план работы с кредиторами,Экспресс-услуги,transactional,H,/services/debt-restructuring,commercial,existing,
аудит долгов и план работы с кредиторами для бизнеса,Экспресс-услуги,transactional,H,/services/debt-restructuring,commercial,existing,
аудит долгов и план работы с кредиторами заказать,Экспресс-услуги,transactional,H,/services/debt-restructuring,commercial,existing,
аудит долгов и план работы с кредиторами консультация,Экспресс-услуги,transactional,H,/services/debt-restructuring,commercial,existing,
аудит долгов и план работы с кредиторами онлайн,Экспресс-услуги,transactional,H,/services/debt-restructuring,commercial,existing,
аудит долгов и план работы с кредиторами стоимость,Экспресс-услуги,transactional,H,/services/debt-restructuring,commercial,existing,
аудит долгов и план работы с кредиторами цена,Экспресс-услуги,transactional,H,/services/debt-restructuring,commercial,existing,
быстрый финансовый чек-ап,Экспресс-услуги,transactional,H,/services,commercial,existing,
быстрый финансовый чек-ап для бизнеса,Экспресс-услуги,transactional,H,/services,commercial,existing,
быстрый финансовый чек-ап заказать,Экспресс-услуги,transactional,H,/services,commercial,existing,
быстрый финансовый чек-ап консультация,Экспресс-услуги,transactional,H,/services,commercial,existing,
быстрый финансовый чек-ап онлайн,Экспресс-услуги,transactional,H,/services,commercial,existing,
быстрый финансовый чек-ап стоимость,Экспресс-услуги,transactional,H,/services,commercial,existing,
быстрый финансовый чек-ап цена,Экспресс-услуги,transactional,H,/services,commercial,existing,
мини-финмодель на квартал,Экспресс-услуги,transactional,H,/services/financial-modeling,commercial,existing,
мини-финмодель на квартал для бизнеса,Экспресс-услуги,transactional,H,/services/financial-modeling,commercial,existing,
мини-финмодель на квартал заказать,Экспресс-услуги,transactional,H,/services/financial-modeling,commercial,existing,
мини-финмодель на квартал консультация,Экспресс-услуги,transactional,H,/services/financial-modeling,commercial,existing,
мини-финмодель на квартал онлайн,Экспресс-услуги,transactional,H,/services/financial-modeling,commercial,existing,
мини-финмодель на квартал стоимость,Экспресс-услуги,transactional,H,/services/financial-modeling,commercial,existing,
мини-финмодель на квартал цена,Экспресс-услуги,transactional,H,/services/financial-modeling,commercial,existing,
оптимизация издержек за 30 дней,Экспресс-услуги,transactional,H,/services/cost-optimization,commercial,existing,
оптимизация издержек за 30 дней для бизнеса,Экспресс-услуги,transactional,H,/services/cost-optimization,commercial,existing,
оптимизация издержек за 30 дней заказать,Экспресс-услуги,transactional,H,/services/cost-optimization,commercial,existing,
оптимизация издержек за 30 дней консультация,Экспресс-услуги,transactional,H,/services/cost-optimization,commercial,existing,
оптимизация издержек за 30 дней онлайн,Экспресс-услуги,transactional,H,/services/cost-optimization,commercial,existing,
оптимизация издержек за 30 дней стоимость,Экспресс-услуги,transactional,H,/services/cost-optimization,commercial,existing,
оптимизация издержек за 30 дней цена,Экспресс-услуги,transactional,H,/services/cost-optimization,commercial,existing,
чек-лист роста и консультация,Экспресс-услуги,transactional,H,/services,commercial,existing,
чек-лист роста и консультация для бизнеса,Экспресс-услуги,transactional,H,/services,commercial,existing,
чек-лист роста и консультация заказать,Экспресс-услуги,transactional,H,/services,commercial,existing,
чек-лист роста и консультация консультация,Экспресс-услуги,transactional,H,/services,commercial,existing,
чек-лист роста и консультация онлайн,Экспресс-услуги,transactional,H,/services,commercial,existing,
чек-лист роста и консультация стоимость,Экспресс-услуги,transactional,H,/services,commercial,existing,
чек-лист роста и консультация цена,Экспресс-услуги,transactional,H,/services,commercial,existing,
экспресс-аудит инвестиционных возможностей,Экспресс-услуги,transactional,H,/services,commercial,existing,
экспресс-аудит инвестиционных возможностей для бизнеса,Экспресс-услуги,transactional,H,/services,commercial,existing,
экспресс-аудит инвестиционных возможностей заказать,Экспресс-услуги,transactional,H,/services,commercial,existing,
экспресс-аудит инвестиционных возможностей консультация,Экспресс-услуги,transactional,H,/services,commercial,existing,
экспресс-аудит инвестиционных возможностей онлайн,Экспресс-услуги,transactional,H,/services,commercial,existing,
экспресс-аудит инвестиционных возможностей стоимость,Экспресс-услуги,transactional,H,/services,commercial,existing,
экспресс-аудит инвестиционных возможностей цена,Экспресс-услуги,transactional,H,/services,commercial,existing,
экспресс-аудит роста бизнеса,Экспресс-услуги,transactional,H,/services,commercial,existing,
экспресс-аудит роста бизнеса для бизнеса,Экспресс-услуги,transactional,H,/services,commercial,existing,
экспресс-аудит роста бизнеса заказать,Экспресс-услуги,transactional,H,/services,commercial,existing,
экспресс-аудит роста бизнеса консультация,Экспресс-услуги,transactional,H,/services,commercial,existing,
экспресс-аудит роста бизнеса онлайн,Экспресс-услуги,transactional,H,/services,commercial,existing,
экспресс-аудит роста бизнеса стоимость,Экспресс-услуги,transactional,H,/services,commercial,existing,
экспресс-аудит роста бизнеса цена,Экспресс-услуги,transactional,H,/services,commercial,existing,
экспресс-отмена судебного приказа,Экспресс-услуги,transactional,H,/services/court-order-cancel,commercial,existing,
экспресс-отмена судебного приказа для бизнеса,Экспресс-услуги,transactional,H,/services/court-order-cancel,commercial,existing,
экспресс-отмена судебного приказа заказать,Экспресс-услуги,transactional,H,/services/court-order-cancel,commercial,existing,
экспресс-отмена судебного приказа консультация,Экспресс-услуги,transactional,H,/services/court-order-cancel,commercial,existing,
экспресс-отмена судебного приказа онлайн,Экспресс-услуги,transactional,H,/services/court-order-cancel,commercial,existing,
экспресс-отмена судебного приказа стоимость,Экспресс-услуги,transactional,H,/services/court-order-cancel,commercial,existing,
экспресс-отмена судебного приказа фл,Экспресс-услуги,transactional,H,/services/court-order-cancel,commercial,existing,
экспресс-отмена судебного приказа фл для бизнеса,Экспресс-услуги,transactional,H,/services/court-order-cancel,commercial,existing,
экспресс-отмена судебного приказа фл заказать,Экспресс-услуги,transactional,H,/services/court-order-cancel,commercial,existing,
экспресс-отмена судебного приказа фл консультация,Экспресс-услуги,transactional,H,/services/court-order-cancel,commercial,existing,
экспресс-отмена судебного приказа фл онлайн,Экспресс-услуги,transactional,H,/services/court-order-cancel,commercial,existing,
экспресс-отмена судебного приказа фл стоимость,Экспресс-услуги,transactional,H,/services/court-order-cancel,commercial,existing,
экспресс-отмена судебного приказа фл цена,Экспресс-услуги,transactional,H,/services/court-order-cancel,commercial,existing,
экспресс-отмена судебного приказа цена,Экспресс-услуги,transactional,H,/services/court-order-cancel,commercial,existing,
экспресс-реструктуризация долгов,Экспресс-услуги,transactional,H,/services/debt-restructuring,commercial,existing,
экспресс-реструктуризация долгов для бизнеса,Экспресс-услуги,transactional,H,/services/debt-restructuring,commercial,existing,
экспресс-реструктуризация долгов заказать,Экспресс-услуги,transactional,H,/services/debt-restructuring,commercial,existing,
экспресс-реструктуризация долгов консультация,Экспресс-услуги,transactional,H,/services/debt-restructuring,commercial,existing,
экспресс-реструктуризация долгов онлайн,Экспресс-услуги,transactional,H,/services/debt-restructuring,commercial,existing,
экспресс-реструктуризация долгов стоимость,Экспресс-услуги,transactional,H,/services/debt-restructuring,commercial,existing,
экспресс-реструктуризация долгов цена,Экспресс-услуги,transactional,H,/services/debt-restructuring,commercial,existing,

